Date/Time,Year,Month,Day,Time,Data Quality,Temp (°C),Temp Flag,Dew Point Temp (°C),Dew Point Temp Flag,Rel Hum (%),Rel Hum Flag,Wind Dir (10s deg),Wind Dir Flag,Wind Spd (km/h),Wind Spd Flag,Visibility (km),Visibility Flag,Stn Press (kPa),Stn Press Flag,Hmdx,Hmdx Flag,Wind Chill,Wind Chill Flag,Weather
9/1/2016 0:00,2016,9,1,0:00, ,16.6,,15.9,,96,,31,,5,,,,97.99,,,,,,NA
9/1/2016 1:00,2016,9,1,1:00, ,16.2,,15.7,,97,,30,,6,,,,98,,,,,,NA
9/1/2016 2:00,2016,9,1,2:00, ,16,,15.5,,97,,26,,5,,,,97.96,,,,,,NA
9/1/2016 3:00,2016,9,1,3:00, ,15.9,,15.3,,96,,31,,4,,,,97.95,,,,,,NA
9/1/2016 4:00,2016,9,1,4:00, ,15.6,,14.8,,95,,31,,10,,,,97.97,,,,,,NA
9/1/2016 5:00,2016,9,1,5:00, ,15.1,,13.9,,93,,30,,2,,,,97.94,,,,,,NA
9/1/2016 6:00,2016,9,1,6:00, ,13.7,,12.9,,95,,33,,4,,,,97.98,,,,,,NA
9/1/2016 7:00,2016,9,1,7:00, ,14.2,,13.3,,95,,31,,10,,,,98.01,,,,,,NA
9/1/2016 8:00,2016,9,1,8:00, ,14.5,,13.5,,94,,28,,4,,,,98.09,,,,,,NA
9/1/2016 9:00,2016,9,1,9:00, ,14.9,,13.8,,93,,29,,9,,,,98.11,,,,,,NA
9/1/2016 10:00,2016,9,1,10:00, ,15.5,,14,,91,,31,,8,,,,98.13,,,,,,NA
9/1/2016 11:00,2016,9,1,11:00, ,17.8,,14.6,,82,,29,,15,,,,98.15,,,,,,NA
9/1/2016 12:00,2016,9,1,12:00, ,18.4,,14.5,,78,,31,,12,,,,98.16,,,,,,NA
9/1/2016 13:00,2016,9,1,13:00, ,18.6,,14.5,,77,,27,,12,,,,98.14,,,,,,NA
9/1/2016 14:00,2016,9,1,14:00, ,20.6,,13,,62,,30,,13,,,,98.13,,,,,,NA
9/1/2016 15:00,2016,9,1,15:00, ,20.7,,11.9,,57,,29,,14,,,,98.12,,,,,,NA
9/1/2016 16:00,2016,9,1,16:00, ,21.5,,12.4,,56,,33,,12,,,,98.13,,,,,,NA
9/1/2016 17:00,2016,9,1,17:00, ,17.7,,12.1,,70,,2,,19,,,,98.2,,,,,,NA
9/1/2016 18:00,2016,9,1,18:00, ,15,,13.5,,91,,2,,14,,,,98.25,,,,,,NA
9/1/2016 19:00,2016,9,1,19:00, ,14.7,,13.5,,93,,36,,8,,,,98.31,,,,,,NA
9/1/2016 20:00,2016,9,1,20:00, ,13.5,,12.8,,95,,1,,6,,,,98.36,,,,,,NA
9/1/2016 21:00,2016,9,1,21:00, ,12.7,,12.1,,96,,33,,5,,,,98.4,,,,,,NA
9/1/2016 22:00,2016,9,1,22:00, ,12.5,,11.9,,96,,1,,7,,,,98.47,,,,,,NA
9/1/2016 23:00,2016,9,1,23:00, ,11.6,,10.9,,96,,35,,5,,,,98.48,,,,,,NA
9/2/2016 0:00,2016,9,2,0:00, ,11.7,,11.2,,97,,34,,8,,,,98.51,,,,,,NA
9/2/2016 1:00,2016,9,2,1:00, ,12.5,,12.1,,97,,31,,7,,,,98.55,,,,,,NA
9/2/2016 2:00,2016,9,2,2:00, ,12.5,,12,,97,,34,,4,,,,98.57,,,,,,NA
9/2/2016 3:00,2016,9,2,3:00, ,12.5,,12,,97,,34,,6,,,,98.58,,,,,,NA
9/2/2016 4:00,2016,9,2,4:00, ,12.4,,11.9,,97,,35,,7,,,,98.61,,,,,,NA
9/2/2016 5:00,2016,9,2,5:00, ,11.9,,11.3,,96,,35,,7,,,,98.65,,,,,,NA
9/2/2016 6:00,2016,9,2,6:00, ,11.7,,11.1,,96,,35,,6,,,,98.71,,,,,,NA
9/2/2016 7:00,2016,9,2,7:00, ,11.9,,11.1,,95,,3,,8,,,,98.77,,,,,,NA
9/2/2016 8:00,2016,9,2,8:00, ,11.9,,11,,94,,36,,7,,,,98.84,,,,,,NA
9/2/2016 9:00,2016,9,2,9:00, ,12.1,,11,,93,,34,,12,,,,98.9,,,,,,NA
9/2/2016 10:00,2016,9,2,10:00, ,13.5,,11.5,,87,,1,,7,,,,98.91,,,,,,NA
9/2/2016 11:00,2016,9,2,11:00, ,13.9,,11.2,,84,,35,,10,,,,98.94,,,,,,NA
9/2/2016 12:00,2016,9,2,12:00, ,14.4,,11.7,,84,,31,,10,,,,98.96,,,,,,NA
9/2/2016 13:00,2016,9,2,13:00, ,16,,11.4,,74,,36,,8,,,,98.94,,,,,,NA
9/2/2016 14:00,2016,9,2,14:00, ,18.3,,11.5,,65,,29,,12,,,,98.93,,,,,,NA
9/2/2016 15:00,2016,9,2,15:00, ,17.4,,12,,70,,35,,6,,,,98.92,,,,,,NA
9/2/2016 16:00,2016,9,2,16:00, ,18.5,,9,,54,,31,,15,,,,98.93,,,,,,NA
9/2/2016 17:00,2016,9,2,17:00, ,16.5,,9.5,,64,,32,,17,,,,98.95,,,,,,NA
9/2/2016 18:00,2016,9,2,18:00, ,16.5,,9,,61,,32,,15,,,,98.97,,,,,,NA
9/2/2016 19:00,2016,9,2,19:00, ,13.1,,8,,71,,33,,9,,,,98.98,,,,,,NA
9/2/2016 20:00,2016,9,2,20:00, ,11,,8.1,,82,,3,,5,,,,99.05,,,,,,NA
9/2/2016 21:00,2016,9,2,21:00, ,9.2,,7.8,,91,,4,,4,,,,99.06,,,,,,NA
9/2/2016 22:00,2016,9,2,22:00, ,7.9,,6.9,,94,,,,0,,,,99.08,,,,,,NA
9/2/2016 23:00,2016,9,2,23:00, ,7.5,,6.6,,94,,0,,1,,,,99.1,,,,,,NA
9/3/2016 0:00,2016,9,3,0:00, ,7.3,,6.5,,95,,30,,2,,,,99.12,,,,,,NA
9/3/2016 1:00,2016,9,3,1:00, ,7.8,,7,,95,,29,,4,,,,99.14,,,,,,NA
9/3/2016 2:00,2016,9,3,2:00, ,7.7,,6.9,,95,,30,,4,,,,99.13,,,,,,NA
9/3/2016 3:00,2016,9,3,3:00, ,7.1,,6.5,,96,,30,,7,,,,99.15,,,,,,NA
9/3/2016 4:00,2016,9,3,4:00, ,7.8,,7.3,,97,,31,,5,,,,99.14,,,,,,NA
9/3/2016 5:00,2016,9,3,5:00, ,9.2,,8.2,,93,,31,,10,,,,99.19,,,,,,NA
9/3/2016 6:00,2016,9,3,6:00, ,8.9,,7.8,,93,,30,,10,,,,99.24,,,,,,NA
9/3/2016 7:00,2016,9,3,7:00, ,9.5,,8.1,,91,,30,,13,,,,99.26,,,,,,NA
9/3/2016 8:00,2016,9,3,8:00, ,11.4,,8.1,,80,,31,,15,,,,99.32,,,,,,NA
9/3/2016 9:00,2016,9,3,9:00, ,13.2,,8.2,,72,,31,,11,,,,99.34,,,,,,NA
9/3/2016 10:00,2016,9,3,10:00, ,14.7,,7.4,,62,,33,,8,,,,99.36,,,,,,NA
9/3/2016 11:00,2016,9,3,11:00, ,15.2,,7.3,,59,,30,,11,,,,99.34,,,,,,NA
9/3/2016 12:00,2016,9,3,12:00, ,16.5,,6.9,,53,,31,,10,,,,99.29,,,,,,NA
9/3/2016 13:00,2016,9,3,13:00, ,17.6,,6.4,,48,,30,,16,,,,99.3,,,,,,NA
9/3/2016 14:00,2016,9,3,14:00, ,18.7,,7.4,,48,,29,,14,,,,99.3,,,,,,NA
9/3/2016 15:00,2016,9,3,15:00, ,18.5,,7.8,,50,,29,,16,,,,99.3,,,,,,NA
9/3/2016 16:00,2016,9,3,16:00, ,17.8,,6.9,,49,,32,,16,,,,99.28,,,,,,NA
9/3/2016 17:00,2016,9,3,17:00, ,17.2,,8.7,,57,,32,,12,,,,99.3,,,,,,NA
9/3/2016 18:00,2016,9,3,18:00, ,16.2,,9.2,,63,,31,,7,,,,99.31,,,,,,NA
9/3/2016 19:00,2016,9,3,19:00, ,14.7,,9.6,,71,,35,,5,,,,99.34,,,,,,NA
9/3/2016 20:00,2016,9,3,20:00, ,14,,10,,77,,34,,5,,,,99.39,,,,,,NA
9/3/2016 21:00,2016,9,3,21:00, ,13.7,,9.4,,76,,3,,5,,,,99.42,,,,,,NA
9/3/2016 22:00,2016,9,3,22:00, ,13.4,,9.3,,76,,4,,6,,,,99.44,,,,,,NA
9/3/2016 23:00,2016,9,3,23:00, ,12.5,,9.6,,83,,8,,4,,,,99.46,,,,,,NA
9/4/2016 0:00,2016,9,4,0:00, ,12.7,,9.9,,83,,0,,1,,,,99.51,,,,,,NA
9/4/2016 1:00,2016,9,4,1:00, ,11.9,,10,,88,,9,,4,,,,99.53,,,,,,NA
9/4/2016 2:00,2016,9,4,2:00, ,11.7,,10.1,,90,,9,,3,,,,99.53,,,,,,NA
9/4/2016 3:00,2016,9,4,3:00, ,11.2,,9.8,,91,,11,,3,,,,99.53,,,,,,NA
9/4/2016 4:00,2016,9,4,4:00, ,12.1,,9.4,,83,,18,,3,,,,99.55,,,,,,NA
9/4/2016 5:00,2016,9,4,5:00, ,11.5,,9.8,,89,,0,,1,,,,99.63,,,,,,NA
9/4/2016 6:00,2016,9,4,6:00, ,11.7,,10,,90,,15,,4,,,,99.65,,,,,,NA
9/4/2016 7:00,2016,9,4,7:00, ,12.3,,10.3,,88,,13,,4,,,,99.66,,,,,,NA
9/4/2016 8:00,2016,9,4,8:00, ,13.4,,10.4,,82,,15,,8,,,,99.69,,,,,,NA
9/4/2016 9:00,2016,9,4,9:00, ,15.9,,10.4,,70,,15,,9,,,,99.7,,,,,,NA
9/4/2016 10:00,2016,9,4,10:00, ,18,,11.3,,65,,16,,12,,,,99.71,,,,,,NA
9/4/2016 11:00,2016,9,4,11:00, ,18.9,,10.8,,59,,21,,10,,,,99.72,,,,,,NA
9/4/2016 12:00,2016,9,4,12:00, ,21,,11.6,,55,,23,,9,,,,99.65,,,,,,NA
9/4/2016 13:00,2016,9,4,13:00, ,22.6,,13.4,,56,,19,,8,,,,99.59,,26,,,,NA
9/4/2016 14:00,2016,9,4,14:00, ,23.6,,13,,51,,23,,10,,,,99.56,,26,,,,NA
9/4/2016 15:00,2016,9,4,15:00, ,24.1,,12.9,,49,,21,,8,,,,99.52,,27,,,,NA
9/4/2016 16:00,2016,9,4,16:00, ,23.4,,12.6,,51,,19,,13,,,,99.5,,26,,,,NA
9/4/2016 17:00,2016,9,4,17:00, ,23.7,,13.1,,52,,20,,13,,,,99.45,,27,,,,NA
9/4/2016 18:00,2016,9,4,18:00, ,22.5,,13.4,,56,,19,,9,,,,99.42,,26,,,,NA
9/4/2016 19:00,2016,9,4,19:00, ,19,,13.9,,72,,16,,8,,,,99.43,,,,,,NA
9/4/2016 20:00,2016,9,4,20:00, ,17.9,,13.4,,75,,16,,11,,,,99.45,,,,,,NA
9/4/2016 21:00,2016,9,4,21:00, ,16.9,,13.1,,78,,15,,10,,,,99.47,,,,,,NA
9/4/2016 22:00,2016,9,4,22:00, ,15.6,,12.7,,83,,15,,8,,,,99.48,,,,,,NA
9/4/2016 23:00,2016,9,4,23:00, ,16,,12.6,,80,,17,,8,,,,99.5,,,,,,NA
9/5/2016 0:00,2016,9,5,0:00, ,15,,12.3,,84,,15,,7,,,,99.5,,,,,,NA
9/5/2016 1:00,2016,9,5,1:00, ,14.4,,12,,86,,17,,8,,,,99.5,,,,,,NA
9/5/2016 2:00,2016,9,5,2:00, ,13.5,,11.7,,89,,19,,9,,,,99.5,,,,,,NA
9/5/2016 3:00,2016,9,5,3:00, ,12,,10.9,,93,,15,,5,,,,99.5,,,,,,NA
9/5/2016 4:00,2016,9,5,4:00, ,11.4,,10.4,,94,,15,,6,,,,99.53,,,,,,NA
9/5/2016 5:00,2016,9,5,5:00, ,10.2,,9.2,,94,,15,,4,,,,99.54,,,,,,NA
9/5/2016 6:00,2016,9,5,6:00, ,10.8,,10.2,,96,,15,,8,,,,99.56,,,,,,NA
9/5/2016 7:00,2016,9,5,7:00, ,11.5,,10.5,,93,,12,,2,,,,99.6,,,,,,NA
9/5/2016 8:00,2016,9,5,8:00, ,14,,12.1,,88,,17,,5,,,,99.58,,,,,,NA
9/5/2016 9:00,2016,9,5,9:00, ,16.2,,12.6,,80,,26,,4,,,,99.57,,,,,,NA
9/5/2016 10:00,2016,9,5,10:00, ,18.5,,13.6,,73,,16,,12,,,,99.58,,,,,,NA
9/5/2016 11:00,2016,9,5,11:00, ,20.4,,13.8,,66,,18,,10,,,,99.54,,,,,,NA
9/5/2016 12:00,2016,9,5,12:00, ,22.2,,14,,60,,16,,8,,,,99.47,,26,,,,NA
9/5/2016 13:00,2016,9,5,13:00, ,23.1,,13.9,,56,,22,,11,,,,99.41,,26,,,,NA
9/5/2016 14:00,2016,9,5,14:00, ,24.3,,13.7,,52,,22,,10,,,,99.34,,27,,,,NA
9/5/2016 15:00,2016,9,5,15:00, ,24.9,,13,,48,,22,,13,,,,99.31,,28,,,,NA
9/5/2016 16:00,2016,9,5,16:00, ,25.3,,12.6,,45,,22,,11,,,,99.25,,28,,,,NA
9/5/2016 17:00,2016,9,5,17:00, ,25.1,,13.2,,48,,20,,11,,,,99.22,,28,,,,NA
9/5/2016 18:00,2016,9,5,18:00, ,23.8,,13.7,,53,,18,,10,,,,99.21,,27,,,,NA
9/5/2016 19:00,2016,9,5,19:00, ,20.3,,13.7,,66,,15,,10,,,,99.19,,,,,,NA
9/5/2016 20:00,2016,9,5,20:00, ,18.4,,14.6,,79,,15,,12,,,,99.22,,,,,,NA
9/5/2016 21:00,2016,9,5,21:00, ,17.4,,14.2,,82,,15,,12,,,,99.23,,,,,,NA
9/5/2016 22:00,2016,9,5,22:00, ,16.2,,13.7,,85,,16,,10,,,,99.21,,,,,,NA
9/5/2016 23:00,2016,9,5,23:00, ,15.4,,13.6,,89,,16,,11,,,,99.19,,,,,,NA
9/6/2016 0:00,2016,9,6,0:00, ,14.7,,13.3,,91,,16,,10,,,,99.19,,,,,,NA
9/6/2016 1:00,2016,9,6,1:00, ,14.3,,13,,92,,15,,10,,,,99.21,,,,,,NA
9/6/2016 2:00,2016,9,6,2:00, ,14,,12.8,,93,,16,,10,,,,99.2,,,,,,NA
9/6/2016 3:00,2016,9,6,3:00, ,13.4,,12.3,,93,,15,,9,,,,99.2,,,,,,NA
9/6/2016 4:00,2016,9,6,4:00, ,11.4,,10.2,,93,,11,,3,,,,99.19,,,,,,NA
9/6/2016 5:00,2016,9,6,5:00, ,10.2,,9.4,,95,,8,,6,,,,99.19,,,,,,NA
9/6/2016 6:00,2016,9,6,6:00, ,9.2,,8.5,,95,,7,,3,,,,99.23,,,,,,NA
9/6/2016 7:00,2016,9,6,7:00, ,12.4,,11.3,,93,,13,,9,,,,99.21,,,,,,NA
9/6/2016 8:00,2016,9,6,8:00, ,14.9,,11.7,,81,,16,,6,,,,99.23,,,,,,NA
9/6/2016 9:00,2016,9,6,9:00, ,17,,12.3,,74,,15,,9,,,,99.22,,,,,,NA
9/6/2016 10:00,2016,9,6,10:00, ,19.8,,13.7,,68,,15,,9,,,,99.21,,,,,,NA
9/6/2016 11:00,2016,9,6,11:00, ,22.2,,14.4,,61,,14,,6,,,,99.19,,26,,,,NA
9/6/2016 12:00,2016,9,6,12:00, ,24.1,,14.7,,56,,17,,15,,,,99.12,,28,,,,NA
9/6/2016 13:00,2016,9,6,13:00, ,24.9,,13.2,,48,,16,,18,,,,99.06,,28,,,,NA
9/6/2016 14:00,2016,9,6,14:00, ,26,,10.4,,37,,17,,15,,,,99.06,,27,,,,NA
9/6/2016 15:00,2016,9,6,15:00, ,26.2,,15.8,,53,,20,,16,,,,98.99,,31,,,,NA
9/6/2016 16:00,2016,9,6,16:00, ,26.1,,17.6,,60,,19,,17,,,,98.98,,32,,,,NA
9/6/2016 17:00,2016,9,6,17:00, ,25.9,,18.3,,63,,18,,14,,,,98.98,,32,,,,NA
9/6/2016 18:00,2016,9,6,18:00, ,24.8,,18.8,,69,,17,,10,,,,98.93,,31,,,,NA
9/6/2016 19:00,2016,9,6,19:00, ,22.6,,19,,80,,16,,11,,,,98.95,,29,,,,NA
9/6/2016 20:00,2016,9,6,20:00, ,21.2,,19.1,,88,,14,,10,,,,98.94,,28,,,,NA
9/6/2016 21:00,2016,9,6,21:00, ,20.9,,19.2,,90,,16,,8,,,,98.96,,28,,,,NA
9/6/2016 22:00,2016,9,6,22:00, ,20.3,,18.9,,92,,15,,10,,,,99,,27,,,,NA
9/6/2016 23:00,2016,9,6,23:00, ,19.9,,18.8,,94,,16,,11,,,,98.96,,,,,,NA
9/7/2016 0:00,2016,9,7,0:00, ,19.7,,18.8,,94,,17,,10,,,,98.93,,,,,,NA
9/7/2016 1:00,2016,9,7,1:00, ,19.5,,18.6,,95,,17,,9,,,,98.93,,,,,,NA
9/7/2016 2:00,2016,9,7,2:00, ,19.5,,18.7,,95,,17,,13,,,,98.85,,,,,,NA
9/7/2016 3:00,2016,9,7,3:00, ,19.2,,18.5,,96,,16,,11,,,,98.83,,,,,,NA
9/7/2016 4:00,2016,9,7,4:00, ,19.4,,18.6,,95,,20,,7,,,,98.85,,,,,,NA
9/7/2016 5:00,2016,9,7,5:00, ,19.3,,18.5,,95,,18,,11,,,,98.87,,,,,,NA
9/7/2016 6:00,2016,9,7,6:00, ,19,,18.1,,95,,18,,15,,,,98.86,,,,,,NA
9/7/2016 7:00,2016,9,7,7:00, ,18.9,,17.9,,94,,20,,12,,,,98.92,,,,,,NA
9/7/2016 8:00,2016,9,7,8:00, ,19.1,,17.7,,92,,20,,15,,,,98.91,,,,,,NA
9/7/2016 9:00,2016,9,7,9:00, ,19.7,,17.7,,89,,19,,18,,,,98.91,,,,,,NA
9/7/2016 10:00,2016,9,7,10:00, ,21.3,,17.9,,81,,20,,17,,,,98.86,,27,,,,NA
9/7/2016 11:00,2016,9,7,11:00, ,22.8,,18.1,,75,,20,,11,,,,98.8,,29,,,,NA
9/7/2016 12:00,2016,9,7,12:00, ,25.3,,18.3,,65,,20,,15,,,,98.71,,32,,,,NA
9/7/2016 13:00,2016,9,7,13:00, ,26.3,,17.9,,60,,21,,20,,,,98.67,,32,,,,NA
9/7/2016 14:00,2016,9,7,14:00, ,26.2,,18.1,,61,,22,,15,,,,98.71,,32,,,,NA
9/7/2016 15:00,2016,9,7,15:00, ,26.8,,18.3,,60,,20,,19,,,,98.6,,33,,,,NA
9/7/2016 16:00,2016,9,7,16:00, ,26.9,,18.1,,59,,21,,16,,,,98.61,,33,,,,NA
9/7/2016 17:00,2016,9,7,17:00, ,26.6,,17.7,,58,,22,,16,,,,98.58,,32,,,,NA
9/7/2016 18:00,2016,9,7,18:00, ,25.7,,18.4,,64,,21,,10,,,,98.57,,32,,,,NA
9/7/2016 19:00,2016,9,7,19:00, ,23.8,,18.4,,72,,18,,12,,,,98.55,,30,,,,NA
9/7/2016 20:00,2016,9,7,20:00, ,22,,18.5,,80,,17,,13,,,,98.54,,28,,,,NA
9/7/2016 21:00,2016,9,7,21:00, ,22.5,,18,,76,,20,,16,,,,98.54,,29,,,,NA
9/7/2016 22:00,2016,9,7,22:00, ,21.8,,17.8,,78,,19,,15,,,,98.56,,28,,,,NA
9/7/2016 23:00,2016,9,7,23:00, ,21.2,,17.6,,80,,19,,11,,,,98.55,,27,,,,NA
9/8/2016 0:00,2016,9,8,0:00, ,20.3,,17.3,,83,,20,,8,,,,98.53,,26,,,,NA
9/8/2016 1:00,2016,9,8,1:00, ,19.7,,17.2,,86,,22,,7,,,,98.52,,,,,,NA
9/8/2016 2:00,2016,9,8,2:00, ,19.1,,17.4,,90,,18,,9,,,,98.46,,,,,,NA
9/8/2016 3:00,2016,9,8,3:00, ,19,,17.4,,91,,16,,7,,,,98.48,,,,,,NA
9/8/2016 4:00,2016,9,8,4:00, ,18.4,,17.1,,93,,15,,10,,,,98.42,,,,,,NA
9/8/2016 5:00,2016,9,8,5:00, ,18.3,,17.3,,94,,16,,10,,,,98.39,,,,,,NA
9/8/2016 6:00,2016,9,8,6:00, ,18.1,,17.2,,95,,18,,12,,,,98.45,,,,,,NA
9/8/2016 7:00,2016,9,8,7:00, ,18.4,,17.4,,94,,18,,10,,,,98.44,,,,,,NA
9/8/2016 8:00,2016,9,8,8:00, ,18.9,,17.5,,92,,19,,10,,,,98.43,,,,,,NA
9/8/2016 9:00,2016,9,8,9:00, ,19.5,,17.6,,89,,20,,10,,,,98.43,,,,,,NA
9/8/2016 10:00,2016,9,8,10:00, ,19.4,,18,,92,,21,,8,,,,98.42,,,,,,NA
9/8/2016 11:00,2016,9,8,11:00, ,19.5,,18.3,,93,,23,,5,,,,98.43,,,,,,NA
9/8/2016 12:00,2016,9,8,12:00, ,19.5,,18.3,,93,,24,,7,,,,98.41,,,,,,NA
9/8/2016 13:00,2016,9,8,13:00, ,19.4,,18.4,,94,,24,,4,,,,98.37,,,,,,NA
9/8/2016 14:00,2016,9,8,14:00, ,19.6,,18.7,,94,,21,,4,,,,98.37,,,,,,NA
9/8/2016 15:00,2016,9,8,15:00, ,19.5,,18.6,,95,,14,,7,,,,98.35,,,,,,NA
9/8/2016 16:00,2016,9,8,16:00, ,19.7,,18.7,,94,,13,,4,,,,98.29,,,,,,NA
9/8/2016 17:00,2016,9,8,17:00, ,19.7,,18.8,,94,,14,,4,,,,98.22,,,,,,NA
9/8/2016 18:00,2016,9,8,18:00, ,19.7,,18.6,,94,,10,,5,,,,98.15,,,,,,NA
9/8/2016 19:00,2016,9,8,19:00, ,19.2,,18.3,,95,,10,,6,,,,98.13,,,,,,NA
9/8/2016 20:00,2016,9,8,20:00, ,19.2,,18.4,,95,,11,,8,,,,98.13,,,,,,NA
9/8/2016 21:00,2016,9,8,21:00, ,19,,18.3,,95,,10,,10,,,,98.08,,,,,,NA
9/8/2016 22:00,2016,9,8,22:00, ,19.2,,18.4,,95,,11,,10,,,,98.03,,,,,,NA
9/8/2016 23:00,2016,9,8,23:00, ,19.3,,18.6,,96,,11,,10,,,,97.94,,,,,,NA
9/9/2016 0:00,2016,9,9,0:00, ,19.5,,18.8,,96,,15,,10,,,,97.89,,,,,,NA
9/9/2016 1:00,2016,9,9,1:00, ,19.5,,18.9,,96,,15,,13,,,,97.8,,,,,,NA
9/9/2016 2:00,2016,9,9,2:00, ,19.5,,18.8,,96,,15,,10,,,,97.74,,,,,,NA
9/9/2016 3:00,2016,9,9,3:00, ,19.3,,18.6,,96,,15,,11,,,,97.66,,,,,,NA
9/9/2016 4:00,2016,9,9,4:00, ,19.1,,18.4,,96,,15,,12,,,,97.61,,,,,,NA
9/9/2016 5:00,2016,9,9,5:00, ,19.1,,18.5,,96,,16,,16,,,,97.58,,,,,,NA
9/9/2016 6:00,2016,9,9,6:00, ,19.1,,18.4,,96,,18,,15,,,,97.56,,,,,,NA
9/9/2016 7:00,2016,9,9,7:00, ,19.3,,18.7,,96,,20,,14,,,,97.59,,,,,,NA
9/9/2016 8:00,2016,9,9,8:00, ,19.9,,19.1,,95,,23,,13,,,,97.6,,,,,,NA
9/9/2016 9:00,2016,9,9,9:00, ,21.3,,19.3,,89,,26,,17,,,,97.64,,28,,,,NA
9/9/2016 10:00,2016,9,9,10:00, ,21.8,,18.1,,80,,25,,21,,,,97.65,,28,,,,NA
9/9/2016 11:00,2016,9,9,11:00, ,22.9,,18.5,,76,,28,,20,,,,97.68,,29,,,,NA
9/9/2016 12:00,2016,9,9,12:00, ,22.7,,17.9,,74,,27,,19,,,,97.73,,29,,,,NA
9/9/2016 13:00,2016,9,9,13:00, ,24.4,,16.4,,61,,30,,26,,,,97.8,,29,,,,NA
9/9/2016 14:00,2016,9,9,14:00, ,24.5,,17.1,,63,,30,,19,,,,97.81,,30,,,,NA
9/9/2016 15:00,2016,9,9,15:00, ,23,,17,,69,,32,,22,,,,97.88,,28,,,,NA
9/9/2016 16:00,2016,9,9,16:00, ,22.5,,15.2,,64,,32,,20,,,,97.97,,27,,,,NA
9/9/2016 17:00,2016,9,9,17:00, ,22,,15,,65,,32,,15,,,,98.02,,26,,,,NA
9/9/2016 18:00,2016,9,9,18:00, ,20.6,,15.3,,72,,33,,4,,,,98.08,,25,,,,NA
9/9/2016 19:00,2016,9,9,19:00, ,19.1,,15,,78,,32,,7,,,,98.19,,,,,,NA
9/9/2016 20:00,2016,9,9,20:00, ,18,,15.2,,84,,33,,8,,,,98.31,,,,,,NA
9/9/2016 21:00,2016,9,9,21:00, ,17,,14.1,,83,,30,,12,,,,98.38,,,,,,NA
9/9/2016 22:00,2016,9,9,22:00, ,16.3,,14.1,,87,,29,,11,,,,98.43,,,,,,NA
9/9/2016 23:00,2016,9,9,23:00, ,15.2,,13.5,,90,,30,,9,,,,98.47,,,,,,NA
9/10/2016 0:00,2016,9,10,0:00, ,14.4,,13,,91,,25,,4,,,,98.52,,,,,,NA
9/10/2016 1:00,2016,9,10,1:00, ,13.6,,12.5,,93,,23,,4,,,,98.59,,,,,,NA
9/10/2016 2:00,2016,9,10,2:00, ,12.8,,12,,95,,26,,1,,,,98.61,,,,,,NA
9/10/2016 3:00,2016,9,10,3:00, ,12.2,,11.5,,95,,29,,3,,,,98.67,,,,,,NA
9/10/2016 4:00,2016,9,10,4:00, ,11.6,,10.8,,95,,22,,1,,,,98.67,,,,,,NA
9/10/2016 5:00,2016,9,10,5:00, ,11.1,,10.4,,95,,33,,1,,,,98.74,,,,,,NA
9/10/2016 6:00,2016,9,10,6:00, ,10.5,,9.8,,95,,20,,1,,,,98.79,,,,,,NA
9/10/2016 7:00,2016,9,10,7:00, ,11.6,,10.8,,95,,,,0,,,,98.87,,,,,,NA
9/10/2016 8:00,2016,9,10,8:00, ,15.3,,13.6,,90,,34,,2,,,,98.93,,,,,,NA
9/10/2016 9:00,2016,9,10,9:00, ,17.4,,14.1,,81,,34,,4,,,,98.99,,,,,,NA
9/10/2016 10:00,2016,9,10,10:00, ,19.3,,11.8,,62,,35,,3,,,,98.98,,,,,,NA
9/10/2016 11:00,2016,9,10,11:00, ,20.8,,11.9,,57,,8,,3,,,,98.99,,,,,,NA
9/10/2016 12:00,2016,9,10,12:00, ,21.2,,11.4,,54,,33,,4,,,,98.98,,,,,,NA
9/10/2016 13:00,2016,9,10,13:00, ,22.6,,9,,42,,27,,6,,,,98.96,,,,,,NA
9/10/2016 14:00,2016,9,10,14:00, ,23.2,,11.5,,48,,19,,8,,,,98.89,,25,,,,NA
9/10/2016 15:00,2016,9,10,15:00, ,22,,12.8,,56,,15,,13,,,,98.88,,25,,,,NA
9/10/2016 16:00,2016,9,10,16:00, ,22.4,,12.9,,55,,16,,13,,,,98.87,,25,,,,NA
9/10/2016 17:00,2016,9,10,17:00, ,20.7,,14.2,,66,,12,,7,,,,98.86,,,,,,NA
9/10/2016 18:00,2016,9,10,18:00, ,19.9,,14.2,,70,,11,,7,,,,98.84,,,,,,NA
9/10/2016 19:00,2016,9,10,19:00, ,19.4,,14.2,,72,,12,,11,,,,98.78,,,,,,NA
9/10/2016 20:00,2016,9,10,20:00, ,18.9,,14,,73,,12,,12,,,,98.77,,,,,,NA
9/10/2016 21:00,2016,9,10,21:00, ,18.7,,13.7,,72,,12,,13,,,,98.68,,,,,,NA
9/10/2016 22:00,2016,9,10,22:00, ,18.5,,13.8,,74,,13,,14,,,,98.64,,,,,,NA
9/10/2016 23:00,2016,9,10,23:00, ,19,,12.8,,67,,15,,19,,,,98.57,,,,,,NA
9/11/2016 0:00,2016,9,11,0:00, ,18,,13.5,,75,,16,,22,,,,98.51,,,,,,NA
9/11/2016 1:00,2016,9,11,1:00, ,18,,13.4,,74,,14,,17,,,,98.44,,,,,,NA
9/11/2016 2:00,2016,9,11,2:00, ,17.9,,13.4,,75,,15,,19,,,,98.35,,,,,,NA
9/11/2016 3:00,2016,9,11,3:00, ,17.5,,12.8,,74,,15,,21,,,,98.22,,,,,,NA
9/11/2016 4:00,2016,9,11,4:00, ,17.1,,13,,77,,15,,20,,,,98.12,,,,,,NA
9/11/2016 5:00,2016,9,11,5:00, ,16.6,,12.9,,79,,15,,21,,,,97.99,,,,,,NA
9/11/2016 6:00,2016,9,11,6:00, ,16.9,,13.6,,81,,15,,16,,,,97.89,,,,,,NA
9/11/2016 7:00,2016,9,11,7:00, ,17.1,,15,,87,,16,,20,,,,97.81,,,,,,NA
9/11/2016 8:00,2016,9,11,8:00, ,17.7,,16.2,,91,,18,,20,,,,97.75,,,,,,NA
9/11/2016 9:00,2016,9,11,9:00, ,17.5,,16.7,,95,,19,,18,,,,97.72,,,,,,NA
9/11/2016 10:00,2016,9,11,10:00, ,17.9,,17.4,,97,,15,,21,,,,97.53,,,,,,NA
9/11/2016 11:00,2016,9,11,11:00, ,18.2,,17.6,,96,,18,,22,,,,97.51,,,,,,NA
9/11/2016 12:00,2016,9,11,12:00, ,19,,18.3,,96,,20,,18,,,,97.44,,,,,,NA
9/11/2016 13:00,2016,9,11,13:00, ,18,,15.7,,86,,21,,21,,,,97.52,,,,,,NA
9/11/2016 14:00,2016,9,11,14:00, ,17.7,,15.1,,85,,21,,18,,,,97.46,,,,,,NA
9/11/2016 15:00,2016,9,11,15:00, ,19.2,,15.9,,81,,22,,20,,,,97.44,,,,,,NA
9/11/2016 16:00,2016,9,11,16:00, ,18.6,,9.8,,56,,27,,34,,,,97.61,,,,,,NA
9/11/2016 17:00,2016,9,11,17:00, ,16.6,,8.4,,58,,27,,30,,,,97.75,,,,,,NA
9/11/2016 18:00,2016,9,11,18:00, ,15.3,,7.5,,60,,26,,28,,,,97.89,,,,,,NA
9/11/2016 19:00,2016,9,11,19:00, ,13.9,,6,,59,,28,,30,,,,98.11,,,,,,NA
9/11/2016 20:00,2016,9,11,20:00, ,12.8,,5.7,,62,,28,,27,,,,98.28,,,,,,NA
9/11/2016 21:00,2016,9,11,21:00, ,11.5,,5.2,,65,,28,,18,,,,98.33,,,,,,NA
9/11/2016 22:00,2016,9,11,22:00, ,10.4,,4.8,,68,,27,,13,,,,98.41,,,,,,NA
9/11/2016 23:00,2016,9,11,23:00, ,10.1,,4.6,,69,,26,,16,,,,98.44,,,,,,NA
9/12/2016 0:00,2016,9,12,0:00, ,9.9,,5.2,,73,,27,,17,,,,98.44,,,,,,NA
9/12/2016 1:00,2016,9,12,1:00, ,9.3,,5.5,,77,,26,,16,,,,98.48,,,,,,NA
9/12/2016 2:00,2016,9,12,2:00, ,9,,5.9,,81,,26,,14,,,,98.52,,,,,,NA
9/12/2016 3:00,2016,9,12,3:00, ,8.5,,5.8,,83,,27,,15,,,,98.56,,,,,,NA
9/12/2016 4:00,2016,9,12,4:00, ,8.6,,6.3,,86,,29,,13,,,,98.6,,,,,,NA
9/12/2016 5:00,2016,9,12,5:00, ,8.2,,5.7,,85,,29,,14,,,,98.66,,,,,,NA
9/12/2016 6:00,2016,9,12,6:00, ,7.9,,5.7,,86,,30,,11,,,,98.71,,,,,,NA
9/12/2016 7:00,2016,9,12,7:00, ,8.9,,6.7,,86,,28,,7,,,,98.77,,,,,,NA
9/12/2016 8:00,2016,9,12,8:00, ,10.9,,7.3,,79,,27,,10,,,,98.8,,,,,,NA
9/12/2016 9:00,2016,9,12,9:00, ,13.4,,8,,70,,27,,18,,,,98.82,,,,,,NA
9/12/2016 10:00,2016,9,12,10:00, ,15.5,,8.1,,61,,28,,23,,,,98.83,,,,,,NA
9/12/2016 11:00,2016,9,12,11:00, ,17.1,,9.2,,60,,29,,20,,,,98.78,,,,,,NA
9/12/2016 12:00,2016,9,12,12:00, ,18.1,,9.1,,56,,28,,23,,,,98.77,,,,,,NA
9/12/2016 13:00,2016,9,12,13:00, ,18.5,,7.9,,50,,29,,22,,,,98.75,,,,,,NA
9/12/2016 14:00,2016,9,12,14:00, ,19.6,,7.5,,45,,29,,27,,,,98.73,,,,,,NA
9/12/2016 15:00,2016,9,12,15:00, ,20.3,,8,,45,,29,,22,,,,98.71,,,,,,NA
9/12/2016 16:00,2016,9,12,16:00, ,20.2,,7,,42,,28,,23,,,,98.72,,,,,,NA
9/12/2016 17:00,2016,9,12,17:00, ,20.3,,8.2,,46,,27,,14,,,,98.72,,,,,,NA
9/12/2016 18:00,2016,9,12,18:00, ,19.3,,9.1,,52,,25,,12,,,,98.69,,,,,,NA
9/12/2016 19:00,2016,9,12,19:00, ,16.7,,10,,65,,26,,9,,,,98.72,,,,,,NA
9/12/2016 20:00,2016,9,12,20:00, ,15.3,,10.7,,74,,23,,9,,,,98.76,,,,,,NA
9/12/2016 21:00,2016,9,12,21:00, ,14.4,,10.5,,77,,22,,9,,,,98.83,,,,,,NA
9/12/2016 22:00,2016,9,12,22:00, ,14.2,,10.3,,78,,23,,8,,,,98.82,,,,,,NA
9/12/2016 23:00,2016,9,12,23:00, ,12.8,,9.9,,83,,18,,8,,,,98.8,,,,,,NA
9/13/2016 0:00,2016,9,13,0:00, ,13.3,,10,,81,,21,,7,,,,98.81,,,,,,NA
9/13/2016 1:00,2016,9,13,1:00, ,13,,10.1,,83,,19,,9,,,,98.81,,,,,,NA
9/13/2016 2:00,2016,9,13,2:00, ,12.7,,10,,84,,21,,12,,,,98.81,,,,,,NA
9/13/2016 3:00,2016,9,13,3:00, ,11.7,,9.7,,88,,19,,11,,,,98.78,,,,,,NA
9/13/2016 4:00,2016,9,13,4:00, ,11.6,,9.4,,86,,20,,12,,,,98.75,,,,,,NA
9/13/2016 5:00,2016,9,13,5:00, ,11.6,,9.4,,86,,20,,12,,,,98.75,,,,,,NA
9/13/2016 6:00,2016,9,13,6:00, ,11.2,,9.2,,88,,20,,13,,,,98.76,,,,,,NA
9/13/2016 7:00,2016,9,13,7:00, ,12.2,,9.5,,84,,20,,17,,,,98.73,,,,,,NA
9/13/2016 8:00,2016,9,13,8:00, ,14,,10,,77,,21,,18,,,,98.7,,,,,,NA
9/13/2016 9:00,2016,9,13,9:00, ,15.7,,10.7,,72,,21,,21,,,,98.66,,,,,,NA
9/13/2016 10:00,2016,9,13,10:00, ,18.2,,11.2,,64,,23,,17,,,,98.64,,,,,,NA
9/13/2016 11:00,2016,9,13,11:00, ,19.9,,11.4,,58,,23,,18,,,,98.61,,,,,,NA
9/13/2016 12:00,2016,9,13,12:00, ,22.1,,11.8,,52,,24,,20,,,,98.56,,,,,,NA
9/13/2016 13:00,2016,9,13,13:00, ,23,,12.3,,51,,25,,22,,,,98.52,,25,,,,NA
9/13/2016 14:00,2016,9,13,14:00, ,23.7,,12.4,,49,,23,,19,,,,98.51,,26,,,,NA
9/13/2016 15:00,2016,9,13,15:00, ,24.1,,11.3,,45,,23,,23,,,,98.49,,26,,,,NA
9/13/2016 16:00,2016,9,13,16:00, ,23.7,,10.4,,43,,24,,20,,,,98.47,,25,,,,NA
9/13/2016 17:00,2016,9,13,17:00, ,23.3,,11.1,,46,,23,,14,,,,98.46,,25,,,,NA
9/13/2016 18:00,2016,9,13,18:00, ,22,,11.3,,51,,22,,12,,,,98.46,,,,,,NA
9/13/2016 19:00,2016,9,13,19:00, ,19.9,,11.6,,59,,23,,11,,,,98.52,,,,,,NA
9/13/2016 20:00,2016,9,13,20:00, ,19.2,,11.1,,59,,21,,11,,,,98.54,,,,,,NA
9/13/2016 21:00,2016,9,13,21:00, ,18.3,,10.9,,62,,21,,11,,,,98.52,,,,,,NA
9/13/2016 22:00,2016,9,13,22:00, ,17.4,,10.9,,66,,21,,9,,,,98.51,,,,,,NA
9/13/2016 23:00,2016,9,13,23:00, ,15.9,,11,,73,,20,,10,,,,98.5,,,,,,NA
9/14/2016 0:00,2016,9,14,0:00, ,15.4,,11.2,,76,,18,,9,,,,98.43,,,,,,NA
9/14/2016 1:00,2016,9,14,1:00, ,15.5,,11.3,,76,,19,,10,,,,98.4,,,,,,NA
9/14/2016 2:00,2016,9,14,2:00, ,15,,11,,77,,18,,10,,,,98.36,,,,,,NA
9/14/2016 3:00,2016,9,14,3:00, ,15,,11,,77,,18,,9,,,,98.31,,,,,,NA
9/14/2016 4:00,2016,9,14,4:00, ,15.4,,11.1,,75,,18,,11,,,,98.26,,,,,,NA
9/14/2016 5:00,2016,9,14,5:00, ,15.5,,11.4,,76,,19,,12,,,,98.24,,,,,,NA
9/14/2016 6:00,2016,9,14,6:00, ,15.6,,11.4,,76,,20,,13,,,,98.21,,,,,,NA
9/14/2016 7:00,2016,9,14,7:00, ,15.9,,11.8,,77,,20,,13,,,,98.17,,,,,,NA
9/14/2016 8:00,2016,9,14,8:00, ,16.2,,12.5,,78,,18,,13,,,,98.1,,,,,,NA
9/14/2016 9:00,2016,9,14,9:00, ,16.9,,13.1,,78,,20,,11,,,,98.06,,,,,,NA
9/14/2016 10:00,2016,9,14,10:00, ,16.9,,13.9,,83,,21,,12,,,,98.06,,,,,,NA
9/14/2016 11:00,2016,9,14,11:00, ,16.5,,15.1,,91,,21,,8,,,,98.05,,,,,,NA
9/14/2016 12:00,2016,9,14,12:00, ,16.6,,15.6,,94,,23,,14,,,,98.02,,,,,,NA
9/14/2016 13:00,2016,9,14,13:00, ,12.3,,11.7,,96,,30,,18,,,,98.12,,,,,,NA
9/14/2016 14:00,2016,9,14,14:00, ,11.9,,10.8,,93,,33,,15,,,,98.21,,,,,,NA
9/14/2016 15:00,2016,9,14,15:00, ,12.4,,11.3,,93,,33,,16,,,,98.29,,,,,,NA
9/14/2016 16:00,2016,9,14,16:00, ,12.9,,10.9,,87,,34,,14,,,,98.42,,,,,,NA
9/14/2016 17:00,2016,9,14,17:00, ,12.8,,9.1,,78,,34,,20,,,,98.52,,,,,,NA
9/14/2016 18:00,2016,9,14,18:00, ,11.3,,8.3,,81,,33,,17,,,,98.63,,,,,,NA
9/14/2016 19:00,2016,9,14,19:00, ,10.2,,7.5,,83,,34,,11,,,,98.76,,,,,,NA
9/14/2016 20:00,2016,9,14,20:00, ,9.6,,6.9,,83,,34,,9,,,,98.88,,,,,,NA
9/14/2016 21:00,2016,9,14,21:00, ,7.9,,6.3,,89,,33,,11,,,,98.95,,,,,,NA
9/14/2016 22:00,2016,9,14,22:00, ,6.7,,5.3,,91,,32,,5,,,,99.02,,,,,,NA
9/14/2016 23:00,2016,9,14,23:00, ,5.8,,5.1,,95,,32,,9,,,,99.06,,,,,,NA
9/15/2016 0:00,2016,9,15,0:00, ,5.3,,4.7,,96,,32,,12,,,,99.13,,,,,,NA
9/15/2016 1:00,2016,9,15,1:00, ,6.1,,5.1,,94,,1,,5,,,,99.15,,,,,,NA
9/15/2016 2:00,2016,9,15,2:00, ,4.6,,4,,96,,28,,6,,,,99.2,,,,,,NA
9/15/2016 3:00,2016,9,15,3:00, ,4.4,,3.9,,97,,29,,5,,,,99.24,,,,,,NA
9/15/2016 4:00,2016,9,15,4:00, ,2.9,,2.4,,97,,0,,1,,,,99.26,,,,,,NA
9/15/2016 5:00,2016,9,15,5:00, ,5.1,,4.8,,98,,31,,5,,,,99.28,,,,,,NA
9/15/2016 6:00,2016,9,15,6:00, ,5.8,,5.4,,98,,30,,8,,,,99.37,,,,,,NA
9/15/2016 7:00,2016,9,15,7:00, ,6.4,,6.1,,98,,32,,9,,,,99.42,,,,,,NA
9/15/2016 8:00,2016,9,15,8:00, ,7.1,,6.8,,98,,33,,10,,,,99.43,,,,,,NA
9/15/2016 9:00,2016,9,15,9:00, ,9.4,,6.9,,84,,31,,10,,,,99.49,,,,,,NA
9/15/2016 10:00,2016,9,15,10:00, ,11.4,,6.1,,70,,34,,8,,,,99.5,,,,,,NA
9/15/2016 11:00,2016,9,15,11:00, ,13.6,,5.6,,58,,30,,16,,,,99.49,,,,,,NA
9/15/2016 12:00,2016,9,15,12:00, ,14.8,,4.5,,50,,32,,13,,,,99.47,,,,,,NA
9/15/2016 13:00,2016,9,15,13:00, ,15.2,,3.5,,45,,30,,11,,,,99.43,,,,,,NA
9/15/2016 14:00,2016,9,15,14:00, ,16,,4.8,,48,,29,,13,,,,99.37,,,,,,NA
9/15/2016 15:00,2016,9,15,15:00, ,16.4,,4.5,,45,,29,,14,,,,99.35,,,,,,NA
9/15/2016 16:00,2016,9,15,16:00, ,16,,4,,45,,27,,14,,,,99.35,,,,,,NA
9/15/2016 17:00,2016,9,15,17:00, ,15.9,,5.1,,49,,27,,12,,,,99.36,,,,,,NA
9/15/2016 18:00,2016,9,15,18:00, ,14.1,,5.2,,55,,30,,9,,,,99.39,,,,,,NA
9/15/2016 19:00,2016,9,15,19:00, ,10.1,,6,,75,,31,,4,,,,99.43,,,,,,NA
9/15/2016 20:00,2016,9,15,20:00, ,8.6,,5.6,,82,,34,,5,,,,99.47,,,,,,NA
9/15/2016 21:00,2016,9,15,21:00, ,6.8,,5.3,,90,,36,,3,,,,99.51,,,,,,NA
9/15/2016 22:00,2016,9,15,22:00, ,5.7,,4.5,,92,,36,,3,,,,99.55,,,,,,NA
9/15/2016 23:00,2016,9,15,23:00, ,4.8,,3.9,,94,,29,,2,,,,99.6,,,,,,NA
9/16/2016 0:00,2016,9,16,0:00, ,3.7,,2.8,,94,,,,0,,,,99.59,,,,,,NA
9/16/2016 1:00,2016,9,16,1:00, ,3.4,,2.7,,95,,4,,4,,,,99.6,,,,,,NA
9/16/2016 2:00,2016,9,16,2:00, ,2.9,,2.2,,96,,13,,4,,,,99.59,,,,,,NA
9/16/2016 3:00,2016,9,16,3:00, ,2.5,,1.9,,96,,19,,2,,,,99.59,,,,,,NA
9/16/2016 4:00,2016,9,16,4:00, ,2.1,,1.7,,97,,15,,7,,,,99.57,,,,,,NA
9/16/2016 5:00,2016,9,16,5:00, ,2.2,,2,,99,,17,,3,,,,99.55,,,,,,NA
9/16/2016 6:00,2016,9,16,6:00, ,0.5,,0.4,,99,,12,,3,,,,99.54,,,,,,NA
9/16/2016 7:00,2016,9,16,7:00, ,2.1,,2,,99,,12,,1,,,,99.59,,,,,,NA
9/16/2016 8:00,2016,9,16,8:00, ,6.6,,5.4,,92,,15,,4,,,,99.6,,,,,,NA
9/16/2016 9:00,2016,9,16,9:00, ,9.8,,6.5,,80,,20,,8,,,,99.63,,,,,,NA
9/16/2016 10:00,2016,9,16,10:00, ,12.3,,7.3,,72,,20,,11,,,,99.62,,,,,,NA
9/16/2016 11:00,2016,9,16,11:00, ,14.9,,7.1,,60,,23,,13,,,,99.57,,,,,,NA
9/16/2016 12:00,2016,9,16,12:00, ,15.1,,6,,54,,24,,15,,,,99.52,,,,,,NA
9/16/2016 13:00,2016,9,16,13:00, ,16.2,,6.1,,51,,25,,16,,,,99.49,,,,,,NA
9/16/2016 14:00,2016,9,16,14:00, ,17.9,,5.4,,44,,25,,13,,,,99.38,,,,,,NA
9/16/2016 15:00,2016,9,16,15:00, ,18,,5.7,,44,,22,,13,,,,99.32,,,,,,NA
9/16/2016 16:00,2016,9,16,16:00, ,18.5,,6.3,,45,,22,,12,,,,99.28,,,,,,NA
9/16/2016 17:00,2016,9,16,17:00, ,17.8,,6.5,,47,,25,,11,,,,99.26,,,,,,NA
9/16/2016 18:00,2016,9,16,18:00, ,16.8,,7.3,,54,,23,,7,,,,99.21,,,,,,NA
9/16/2016 19:00,2016,9,16,19:00, ,14,,7.6,,65,,21,,7,,,,99.25,,,,,,NA
9/16/2016 20:00,2016,9,16,20:00, ,11.5,,7.1,,75,,20,,7,,,,99.27,,,,,,NA
9/16/2016 21:00,2016,9,16,21:00, ,9.6,,6.8,,83,,24,,5,,,,99.26,,,,,,NA
9/16/2016 22:00,2016,9,16,22:00, ,8,,5.2,,83,,20,,4,,,,99.29,,,,,,NA
9/16/2016 23:00,2016,9,16,23:00, ,8.8,,6.6,,86,,20,,6,,,,99.29,,,,,,NA
9/17/2016 0:00,2016,9,17,0:00, ,8.7,,6.3,,85,,17,,6,,,,99.3,,,,,,NA
9/17/2016 1:00,2016,9,17,1:00, ,7.7,,6.2,,91,,15,,5,,,,99.29,,,,,,NA
9/17/2016 2:00,2016,9,17,2:00, ,5.9,,5,,94,,14,,6,,,,99.28,,,,,,NA
9/17/2016 3:00,2016,9,17,3:00, ,5.9,,5,,93,,12,,5,,,,99.23,,,,,,NA
9/17/2016 4:00,2016,9,17,4:00, ,6,,5,,93,,10,,5,,,,99.24,,,,,,NA
9/17/2016 5:00,2016,9,17,5:00, ,6.8,,6.2,,96,,13,,7,,,,99.25,,,,,,NA
9/17/2016 6:00,2016,9,17,6:00, ,5.1,,4.2,,94,,13,,5,,,,99.22,,,,,,NA
9/17/2016 7:00,2016,9,17,7:00, ,6.7,,6.1,,96,,14,,5,,,,99.27,,,,,,NA
9/17/2016 8:00,2016,9,17,8:00, ,8.7,,8.3,,97,,14,,7,,,,99.23,,,,,,NA
9/17/2016 9:00,2016,9,17,9:00, ,10.8,,9.5,,92,,16,,11,,,,99.25,,,,,,NA
9/17/2016 10:00,2016,9,17,10:00, ,13,,10.4,,85,,18,,12,,,,99.23,,,,,,NA
9/17/2016 11:00,2016,9,17,11:00, ,15,,10.9,,76,,18,,12,,,,99.17,,,,,,NA
9/17/2016 12:00,2016,9,17,12:00, ,17.7,,11.3,,66,,21,,12,,,,99.13,,,,,,NA
9/17/2016 13:00,2016,9,17,13:00, ,19.4,,12.4,,64,,19,,14,,,,99.04,,,,,,NA
9/17/2016 14:00,2016,9,17,14:00, ,20,,12.2,,61,,18,,15,,,,98.97,,,,,,NA
9/17/2016 15:00,2016,9,17,15:00, ,20,,12.8,,63,,18,,18,,,,98.88,,,,,,NA
9/17/2016 16:00,2016,9,17,16:00, ,19.7,,12.8,,64,,17,,16,,,,98.82,,,,,,NA
9/17/2016 17:00,2016,9,17,17:00, ,19.4,,12.4,,64,,18,,15,,,,98.75,,,,,,NA
9/17/2016 18:00,2016,9,17,18:00, ,18.2,,12.5,,69,,17,,14,,,,98.73,,,,,,NA
9/17/2016 19:00,2016,9,17,19:00, ,17.1,,12.3,,73,,17,,14,,,,98.72,,,,,,NA
9/17/2016 20:00,2016,9,17,20:00, ,17,,12,,72,,17,,16,,,,98.69,,,,,,NA
9/17/2016 21:00,2016,9,17,21:00, ,16.7,,10.1,,65,,18,,17,,,,98.67,,,,,,NA
9/17/2016 22:00,2016,9,17,22:00, ,15.6,,9.3,,66,,17,,20,,,,98.6,,,,,,NA
9/17/2016 23:00,2016,9,17,23:00, ,13.3,,10,,80,,16,,15,,,,98.53,,,,,,NA
9/18/2016 0:00,2016,9,18,0:00, ,12.7,,11.1,,90,,15,,15,,,,98.44,,,,,,NA
9/18/2016 1:00,2016,9,18,1:00, ,13.4,,12.7,,95,,16,,21,,,,98.32,,,,,,NA
9/18/2016 2:00,2016,9,18,2:00, ,14.3,,13.5,,95,,17,,18,,,,98.23,,,,,,NA
9/18/2016 3:00,2016,9,18,3:00, ,14.6,,13.8,,95,,18,,20,,,,98.14,,,,,,NA
9/18/2016 4:00,2016,9,18,4:00, ,14.7,,14,,96,,19,,15,,,,98.14,,,,,,NA
9/18/2016 5:00,2016,9,18,5:00, ,14.9,,14.2,,96,,18,,18,,,,98.09,,,,,,NA
9/18/2016 6:00,2016,9,18,6:00, ,15.3,,14.4,,94,,19,,16,,,,98.08,,,,,,NA
9/18/2016 7:00,2016,9,18,7:00, ,15.4,,14.6,,95,,19,,15,,,,98.16,,,,,,NA
9/18/2016 8:00,2016,9,18,8:00, ,15.8,,15,,95,,20,,17,,,,98.18,,,,,,NA
9/18/2016 9:00,2016,9,18,9:00, ,16.4,,15.5,,94,,22,,12,,,,98.23,,,,,,NA
9/18/2016 10:00,2016,9,18,10:00, ,17.1,,16.1,,94,,23,,10,,,,98.29,,,,,,NA
9/18/2016 11:00,2016,9,18,11:00, ,17.9,,16.5,,92,,20,,10,,,,98.29,,,,,,NA
9/18/2016 12:00,2016,9,18,12:00, ,19.9,,17.4,,86,,23,,12,,,,98.33,,,,,,NA
9/18/2016 13:00,2016,9,18,13:00, ,21.2,,17.6,,80,,22,,12,,,,98.33,,27,,,,NA
9/18/2016 14:00,2016,9,18,14:00, ,22.3,,17.8,,76,,27,,3,,,,98.33,,28,,,,NA
9/18/2016 15:00,2016,9,18,15:00, ,24.1,,17.6,,67,,20,,14,,,,98.29,,30,,,,NA
9/18/2016 16:00,2016,9,18,16:00, ,23.7,,17.5,,68,,20,,12,,,,98.33,,29,,,,NA
9/18/2016 17:00,2016,9,18,17:00, ,23.3,,17.7,,71,,18,,11,,,,98.33,,29,,,,NA
9/18/2016 18:00,2016,9,18,18:00, ,21.9,,15.5,,67,,21,,10,,,,98.37,,26,,,,NA
9/18/2016 19:00,2016,9,18,19:00, ,18.9,,16.8,,88,,16,,10,,,,98.42,,,,,,NA
9/18/2016 20:00,2016,9,18,20:00, ,18.9,,17.6,,92,,17,,11,,,,98.5,,,,,,NA
9/18/2016 21:00,2016,9,18,21:00, ,18.5,,17.4,,93,,17,,10,,,,98.53,,,,,,NA
9/18/2016 22:00,2016,9,18,22:00, ,17.5,,16.6,,95,,20,,6,,,,98.59,,,,,,NA
9/18/2016 23:00,2016,9,18,23:00, ,17.1,,16.1,,94,,19,,10,,,,98.62,,,,,,NA
9/19/2016 0:00,2016,9,19,0:00, ,15.9,,15.1,,95,,14,,5,,,,98.65,,,,,,NA
9/19/2016 1:00,2016,9,19,1:00, ,16.4,,15.8,,96,,18,,6,,,,98.69,,,,,,NA
9/19/2016 2:00,2016,9,19,2:00, ,15.9,,15.1,,95,,20,,3,,,,98.73,,,,,,NA
9/19/2016 3:00,2016,9,19,3:00, ,14.3,,13.6,,95,,14,,2,,,,98.7,,,,,,NA
9/19/2016 4:00,2016,9,19,4:00, ,14.8,,14.2,,96,,18,,4,,,,98.74,,,,,,NA
9/19/2016 5:00,2016,9,19,5:00, ,13.9,,13.2,,96,,4,,4,,,,98.76,,,,,,NA
9/19/2016 6:00,2016,9,19,6:00, ,14,,13.5,,97,,12,,2,,,,98.83,,,,,,NA
9/19/2016 7:00,2016,9,19,7:00, ,14.1,,13.6,,97,,8,,4,,,,98.85,,,,,,NA
9/19/2016 8:00,2016,9,19,8:00, ,15.1,,14.6,,97,,6,,5,,,,98.87,,,,,,NA
9/19/2016 9:00,2016,9,19,9:00, ,15.6,,15,,97,,33,,4,,,,98.95,,,,,,NA
9/19/2016 10:00,2016,9,19,10:00, ,16.9,,16.2,,96,,0,,1,,,,98.97,,,,,,NA
9/19/2016 11:00,2016,9,19,11:00, ,18.6,,16.9,,90,,12,,7,,,,98.95,,,,,,NA
9/19/2016 12:00,2016,9,19,12:00, ,18.9,,16.9,,88,,12,,3,,,,98.95,,,,,,NA
9/19/2016 13:00,2016,9,19,13:00, ,18.7,,17.1,,90,,36,,7,,,,98.93,,,,,,NA
9/19/2016 14:00,2016,9,19,14:00, ,15.5,,14.6,,94,,5,,21,,,,98.95,,,,,,NA
9/19/2016 15:00,2016,9,19,15:00, ,15.7,,15.1,,96,,5,,12,,,,98.98,,,,,,NA
9/19/2016 16:00,2016,9,19,16:00, ,15.9,,15.2,,95,,8,,8,,,,99.01,,,,,,NA
9/19/2016 17:00,2016,9,19,17:00, ,15.7,,14.7,,94,,9,,7,,,,99.03,,,,,,NA
9/19/2016 18:00,2016,9,19,18:00, ,14.4,,13.5,,94,,10,,12,,,,99.09,,,,,,NA
9/19/2016 19:00,2016,9,19,19:00, ,13.6,,12.9,,96,,7,,11,,,,99.08,,,,,,NA
9/19/2016 20:00,2016,9,19,20:00, ,13.1,,12.2,,94,,8,,11,,,,99.12,,,,,,NA
9/19/2016 21:00,2016,9,19,21:00, ,12.8,,12,,95,,7,,8,,,,99.14,,,,,,NA
9/19/2016 22:00,2016,9,19,22:00, ,12.6,,11.9,,95,,8,,8,,,,99.18,,,,,,NA
9/19/2016 23:00,2016,9,19,23:00, ,12.4,,11.7,,96,,7,,7,,,,99.18,,,,,,NA
9/20/2016 0:00,2016,9,20,0:00, ,12.1,,11.5,,96,,9,,12,,,,99.13,,,,,,NA
9/20/2016 1:00,2016,9,20,1:00, ,12,,11.5,,97,,11,,7,,,,99.18,,,,,,NA
9/20/2016 2:00,2016,9,20,2:00, ,12,,11.5,,97,,10,,8,,,,99.13,,,,,,NA
9/20/2016 3:00,2016,9,20,3:00, ,12,,11.6,,97,,10,,10,,,,99.09,,,,,,NA
9/20/2016 4:00,2016,9,20,4:00, ,12,,11.5,,97,,9,,6,,,,99.06,,,,,,NA
9/20/2016 5:00,2016,9,20,5:00, ,12,,11.5,,97,,10,,9,,,,99.02,,,,,,NA
9/20/2016 6:00,2016,9,20,6:00, ,12,,11.6,,97,,12,,8,,,,99.02,,,,,,NA
9/20/2016 7:00,2016,9,20,7:00, ,12.2,,11.8,,97,,13,,8,,,,99.03,,,,,,NA
9/20/2016 8:00,2016,9,20,8:00, ,12.6,,12.2,,98,,14,,11,,,,99.03,,,,,,NA
9/20/2016 9:00,2016,9,20,9:00, ,13.3,,13,,98,,16,,11,,,,99.03,,,,,,NA
9/20/2016 10:00,2016,9,20,10:00, ,13.8,,13.5,,98,,17,,11,,,,99.02,,,,,,NA
9/20/2016 11:00,2016,9,20,11:00, ,15.2,,14.4,,95,,16,,12,,,,98.9,,,,,,NA
9/20/2016 12:00,2016,9,20,12:00, ,15.9,,14.6,,92,,17,,15,,,,98.8,,,,,,NA
9/20/2016 13:00,2016,9,20,13:00, ,17.6,,15.6,,88,,17,,14,,,,98.75,,,,,,NA
9/20/2016 14:00,2016,9,20,14:00, ,18.3,,15.8,,85,,20,,17,,,,98.68,,,,,,NA
9/20/2016 15:00,2016,9,20,15:00, ,18.5,,16,,85,,18,,14,,,,98.59,,,,,,NA
9/20/2016 16:00,2016,9,20,16:00, ,17,,16,,94,,14,,15,,,,98.45,,,,,,NA
9/20/2016 17:00,2016,9,20,17:00, ,17.3,,16.6,,96,,16,,8,,,,98.51,,,,,,NA
9/20/2016 18:00,2016,9,20,18:00, ,17.2,,16.3,,95,,16,,10,,,,98.48,,,,,,NA
9/20/2016 19:00,2016,9,20,19:00, ,16.9,,16.2,,95,,17,,7,,,,98.46,,,,,,NA
9/20/2016 20:00,2016,9,20,20:00, ,16.2,,15.6,,96,,18,,8,,,,98.51,,,,,,NA
9/20/2016 21:00,2016,9,20,21:00, ,17,,15.8,,93,,23,,10,,,,98.51,,,,,,NA
9/20/2016 22:00,2016,9,20,22:00, ,15.3,,13.8,,91,,28,,4,,,,98.52,,,,,,NA
9/20/2016 23:00,2016,9,20,23:00, ,14.8,,13.8,,94,,24,,8,,,,98.52,,,,,,NA
9/21/2016 0:00,2016,9,21,0:00, ,14.6,,13.4,,93,,24,,7,,,,98.52,,,,,,NA
9/21/2016 1:00,2016,9,21,1:00, ,13.6,,13,,96,,31,,6,,,,98.54,,,,,,NA
9/21/2016 2:00,2016,9,21,2:00, ,11.3,,10.8,,97,,16,,1,,,,98.56,,,,,,NA
9/21/2016 3:00,2016,9,21,3:00, ,11,,10.6,,97,,21,,5,,,,98.55,,,,,,NA
9/21/2016 4:00,2016,9,21,4:00, ,12.6,,12.3,,98,,23,,8,,,,98.59,,,,,,NA
9/21/2016 5:00,2016,9,21,5:00, ,9.6,,9.2,,97,,20,,4,,,,98.61,,,,,,NA
9/21/2016 6:00,2016,9,21,6:00, ,9.3,,8.9,,98,,20,,4,,,,98.63,,,,,,NA
9/21/2016 7:00,2016,9,21,7:00, ,10.3,,10,,98,,20,,7,,,,98.66,,,,,,NA
9/21/2016 8:00,2016,9,21,8:00, ,13,,11.5,,91,,21,,8,,,,98.69,,,,,,NA
9/21/2016 9:00,2016,9,21,9:00, ,15.1,,12.4,,84,,23,,10,,,,98.71,,,,,,NA
9/21/2016 10:00,2016,9,21,10:00, ,16.9,,11.9,,73,,25,,17,,,,98.75,,,,,,NA
9/21/2016 11:00,2016,9,21,11:00, ,18.3,,11.2,,63,,25,,18,,,,98.71,,,,,,NA
9/21/2016 12:00,2016,9,21,12:00, ,19.8,,11.2,,57,,23,,19,,,,98.66,,,,,,NA
9/21/2016 13:00,2016,9,21,13:00, ,21.3,,10,,49,,26,,19,,,,98.61,,,,,,NA
9/21/2016 14:00,2016,9,21,14:00, ,20.4,,6.9,,41,,28,,23,,,,98.54,,,,,,NA
9/21/2016 15:00,2016,9,21,15:00, ,21.8,,8.2,,42,,26,,21,,,,98.53,,,,,,NA
9/21/2016 16:00,2016,9,21,16:00, ,22.1,,7.8,,40,,25,,20,,,,98.49,,,,,,NA
9/21/2016 17:00,2016,9,21,17:00, ,21.5,,7.5,,40,,26,,14,,,,98.55,,,,,,NA
9/21/2016 18:00,2016,9,21,18:00, ,19.5,,8.2,,48,,26,,7,,,,98.6,,,,,,NA
9/21/2016 19:00,2016,9,21,19:00, ,16.1,,8.6,,61,,26,,9,,,,98.63,,,,,,NA
9/21/2016 20:00,2016,9,21,20:00, ,15.4,,9.5,,68,,24,,7,,,,98.65,,,,,,NA
9/21/2016 21:00,2016,9,21,21:00, ,15.4,,9.6,,68,,24,,10,,,,98.69,,,,,,NA
9/21/2016 22:00,2016,9,21,22:00, ,14.1,,9.3,,73,,29,,9,,,,98.72,,,,,,NA
9/21/2016 23:00,2016,9,21,23:00, ,10.8,,8.9,,88,,28,,6,,,,98.73,,,,,,NA
9/22/2016 0:00,2016,9,22,0:00, ,10.5,,8.7,,88,,26,,5,,,,98.69,,,,,,NA
9/22/2016 1:00,2016,9,22,1:00, ,10.7,,8.2,,85,,29,,8,,,,98.69,,,,,,NA
9/22/2016 2:00,2016,9,22,2:00, ,10.8,,8.6,,86,,30,,13,,,,98.73,,,,,,NA
9/22/2016 3:00,2016,9,22,3:00, ,9.9,,8.1,,89,,31,,9,,,,98.76,,,,,,NA
9/22/2016 4:00,2016,9,22,4:00, ,8.6,,7.7,,94,,29,,9,,,,98.86,,,,,,NA
9/22/2016 5:00,2016,9,22,5:00, ,8.8,,7.9,,94,,28,,10,,,,98.94,,,,,,NA
9/22/2016 6:00,2016,9,22,6:00, ,8.8,,7.3,,91,,28,,10,,,,98.96,,,,,,NA
9/22/2016 7:00,2016,9,22,7:00, ,9.1,,5.9,,80,,29,,10,,,,99.01,,,,,,NA
9/22/2016 8:00,2016,9,22,8:00, ,11,,6.3,,73,,28,,13,,,,99.1,,,,,,NA
9/22/2016 9:00,2016,9,22,9:00, ,12.2,,6.4,,68,,30,,19,,,,99.11,,,,,,NA
9/22/2016 10:00,2016,9,22,10:00, ,13.1,,5.5,,60,,30,,21,,,,99.11,,,,,,NA
9/22/2016 11:00,2016,9,22,11:00, ,14,,6.5,,60,,29,,26,,,,99.09,,,,,,NA
9/22/2016 12:00,2016,9,22,12:00, ,14.1,,5.8,,57,,31,,23,,,,99.08,,,,,,NA
9/22/2016 13:00,2016,9,22,13:00, ,14.8,,6,,56,,29,,14,,,,99.07,,,,,,NA
9/22/2016 14:00,2016,9,22,14:00, ,15.4,,5.3,,51,,30,,19,,,,99.08,,,,,,NA
9/22/2016 15:00,2016,9,22,15:00, ,15.4,,6.2,,54,,30,,16,,,,99.05,,,,,,NA
9/22/2016 16:00,2016,9,22,16:00, ,14.9,,6.8,,58,,30,,12,,,,99.08,,,,,,NA
9/22/2016 17:00,2016,9,22,17:00, ,14,,7.3,,64,,31,,10,,,,99.08,,,,,,NA
9/22/2016 18:00,2016,9,22,18:00, ,13.1,,7.6,,69,,31,,9,,,,99.1,,,,,,NA
9/22/2016 19:00,2016,9,22,19:00, ,12.1,,8,,76,,29,,8,,,,99.09,,,,,,NA
9/22/2016 20:00,2016,9,22,20:00, ,10.8,,8.7,,87,,15,,7,,,,99.08,,,,,,NA
9/22/2016 21:00,2016,9,22,21:00, ,10.8,,8.3,,85,,36,,4,,,,99.07,,,,,,NA
9/22/2016 22:00,2016,9,22,22:00, ,11.3,,7.5,,77,,36,,7,,,,98.97,,,,,,NA
9/22/2016 23:00,2016,9,22,23:00, ,10.8,,7.8,,82,,33,,3,,,,98.97,,,,,,NA
9/23/2016 0:00,2016,9,23,0:00, ,9.7,,8.5,,92,,10,,3,,,,98.89,,,,,,NA
9/23/2016 1:00,2016,9,23,1:00, ,9.7,,8.9,,95,,20,,9,,,,98.91,,,,,,NA
9/23/2016 2:00,2016,9,23,2:00, ,9.2,,8.6,,96,,34,,7,,,,98.94,,,,,,NA
9/23/2016 3:00,2016,9,23,3:00, ,9.1,,8.5,,96,,1,,3,,,,98.87,,,,,,NA
9/23/2016 4:00,2016,9,23,4:00, ,8.9,,8.4,,97,,1,,9,,,,98.84,,,,,,NA
9/23/2016 5:00,2016,9,23,5:00, ,8.9,,8.5,,97,,4,,7,,,,98.75,,,,,,NA
9/23/2016 6:00,2016,9,23,6:00, ,9,,8.5,,97,,6,,7,,,,98.71,,,,,,NA
9/23/2016 7:00,2016,9,23,7:00, ,8.3,,7.8,,96,,3,,9,,,,98.75,,,,,,NA
9/23/2016 8:00,2016,9,23,8:00, ,8.1,,7.6,,96,,7,,11,,,,98.7,,,,,,NA
9/23/2016 9:00,2016,9,23,9:00, ,8.2,,7.6,,96,,1,,10,,,,98.72,,,,,,NA
9/23/2016 10:00,2016,9,23,10:00, ,8.3,,7.7,,96,,1,,12,,,,98.74,,,,,,NA
9/23/2016 11:00,2016,9,23,11:00, ,8.8,,7.9,,94,,36,,10,,,,98.73,,,,,,NA
9/23/2016 12:00,2016,9,23,12:00, ,9.5,,7.9,,90,,2,,10,,,,98.7,,,,,,NA
9/23/2016 13:00,2016,9,23,13:00, ,10.1,,7.9,,86,,35,,11,,,,98.72,,,,,,NA
9/23/2016 14:00,2016,9,23,14:00, ,11.1,,7.4,,78,,35,,12,,,,98.7,,,,,,NA
9/23/2016 15:00,2016,9,23,15:00, ,12.1,,6.6,,69,,35,,13,,,,98.65,,,,,,NA
9/23/2016 16:00,2016,9,23,16:00, ,13,,5.9,,62,,34,,16,,,,98.64,,,,,,NA
9/23/2016 17:00,2016,9,23,17:00, ,13,,5.7,,61,,32,,14,,,,98.67,,,,,,NA
9/23/2016 18:00,2016,9,23,18:00, ,11,,4.7,,65,,33,,13,,,,98.74,,,,,,NA
9/23/2016 19:00,2016,9,23,19:00, ,7.5,,5.1,,85,,33,,4,,,,98.77,,,,,,NA
9/23/2016 20:00,2016,9,23,20:00, ,5.9,,4.3,,90,,1,,4,,,,98.78,,,,,,NA
9/23/2016 21:00,2016,9,23,21:00, ,5.2,,4,,92,,31,,3,,,,98.79,,,,,,NA
9/23/2016 22:00,2016,9,23,22:00, ,5.4,,4.2,,92,,33,,6,,,,98.74,,,,,,NA
9/23/2016 23:00,2016,9,23,23:00, ,4.3,,3.2,,93,,29,,6,,,,98.74,,,,,,NA
9/24/2016 0:00,2016,9,24,0:00, ,4.1,,3.6,,97,,30,,10,,,,98.75,,,,,,NA
9/24/2016 1:00,2016,9,24,1:00, ,4.1,,3.7,,97,,29,,7,,,,98.75,,,,,,NA
9/24/2016 2:00,2016,9,24,2:00, ,3.6,,3.3,,98,,29,,6,,,,98.75,,,,,,NA
9/24/2016 3:00,2016,9,24,3:00, ,2.2,,1.8,,98,,30,,2,,,,98.73,,,,,,NA
9/24/2016 4:00,2016,9,24,4:00, ,1.2,,0.9,,98,,31,,4,,,,98.71,,,,,,NA
9/24/2016 5:00,2016,9,24,5:00, ,0.9,,0.6,,98,,28,,8,,,,98.74,,,,,,NA
9/24/2016 6:00,2016,9,24,6:00, ,0.6,,0.4,,98,,30,,8,,,,98.75,,,,,,NA
9/24/2016 7:00,2016,9,24,7:00, ,2.2,,1.8,,97,,28,,10,,,,98.8,,,,,,NA
9/24/2016 8:00,2016,9,24,8:00, ,4.8,,3.3,,90,,28,,11,,,,98.81,,,,,,NA
9/24/2016 9:00,2016,9,24,9:00, ,5.3,,2.7,,83,,31,,11,,,,98.8,,,,,,NA
9/24/2016 10:00,2016,9,24,10:00, ,7.6,,3.7,,76,,29,,12,,,,98.75,,,,,,NA
9/24/2016 11:00,2016,9,24,11:00, ,8.8,,3.6,,70,,31,,19,,,,98.69,,,,,,NA
9/24/2016 12:00,2016,9,24,12:00, ,10.1,,3,,61,,30,,20,,,,98.62,,,,,,NA
9/24/2016 13:00,2016,9,24,13:00, ,9.5,,0.9,,55,,31,,27,,,,98.57,,,,,,NA
9/24/2016 14:00,2016,9,24,14:00, ,10.6,,-0.1,,47,,29,,27,,,,98.51,,,,,,NA
9/24/2016 15:00,2016,9,24,15:00, ,10.3,,-1,,45,,30,,30,,,,98.49,,,,,,NA
9/24/2016 16:00,2016,9,24,16:00, ,9.9,,0,,50,,32,,23,,,,98.48,,,,,,NA
9/24/2016 17:00,2016,9,24,17:00, ,8.4,,0.6,,58,,31,,21,,,,98.54,,,,,,NA
9/24/2016 18:00,2016,9,24,18:00, ,7.7,,1.4,,65,,30,,17,,,,98.56,,,,,,NA
9/24/2016 19:00,2016,9,24,19:00, ,6.6,,1.3,,69,,31,,19,,,,98.59,,,,,,NA
9/24/2016 20:00,2016,9,24,20:00, ,5.3,,1.3,,76,,31,,17,,,,98.6,,,,,,NA
9/24/2016 21:00,2016,9,24,21:00, ,4.3,,1.7,,83,,30,,11,,,,98.58,,,,,,NA
9/24/2016 22:00,2016,9,24,22:00, ,3.8,,1.7,,86,,29,,10,,,,98.55,,,,,,NA
9/24/2016 23:00,2016,9,24,23:00, ,4.2,,1.8,,84,,30,,14,,,,98.52,,,,,,NA
9/25/2016 0:00,2016,9,25,0:00, ,4.8,,2.4,,84,,28,,11,,,,98.47,,,,,,NA
9/25/2016 1:00,2016,9,25,1:00, ,4.6,,2.2,,85,,28,,10,,,,98.44,,,,,,NA
9/25/2016 2:00,2016,9,25,2:00, ,3.4,,2.2,,92,,29,,12,,,,98.42,,,,,,NA
9/25/2016 3:00,2016,9,25,3:00, ,2.7,,1.9,,94,,31,,11,,,,98.41,,,,,,NA
9/25/2016 4:00,2016,9,25,4:00, ,2.9,,2.2,,95,,30,,13,,,,98.39,,,,,,NA
9/25/2016 5:00,2016,9,25,5:00, ,3.1,,2.3,,95,,29,,10,,,,98.42,,,,,,NA
9/25/2016 6:00,2016,9,25,6:00, ,3.4,,2.5,,94,,29,,11,,,,98.45,,,,,,NA
9/25/2016 7:00,2016,9,25,7:00, ,4.5,,3.1,,91,,32,,11,,,,98.48,,,,,,NA
9/25/2016 8:00,2016,9,25,8:00, ,5.7,,3.4,,85,,30,,24,,,,98.45,,,,,,NA
9/25/2016 9:00,2016,9,25,9:00, ,6.3,,2.8,,78,,32,,24,,,,98.52,,,,,,NA
9/25/2016 10:00,2016,9,25,10:00, ,7.4,,2.8,,72,,32,,24,,,,98.56,,,,,,NA
9/25/2016 11:00,2016,9,25,11:00, ,8.5,,2.6,,67,,32,,23,,,,98.55,,,,,,NA
9/25/2016 12:00,2016,9,25,12:00, ,9.1,,3.1,,66,,32,,23,,,,98.55,,,,,,NA
9/25/2016 13:00,2016,9,25,13:00, ,9,,4.6,,74,,33,,17,,,,98.55,,,,,,NA
9/25/2016 14:00,2016,9,25,14:00, ,9.3,,2.8,,64,,34,,17,,,,98.55,,,,,,NA
9/25/2016 15:00,2016,9,25,15:00, ,11.3,,2,,53,,31,,27,,,,98.56,,,,,,NA
9/25/2016 16:00,2016,9,25,16:00, ,10.7,,2.3,,56,,32,,23,,,,98.58,,,,,,NA
9/25/2016 17:00,2016,9,25,17:00, ,10.8,,1.8,,54,,33,,22,,,,98.62,,,,,,NA
9/25/2016 18:00,2016,9,25,18:00, ,9.3,,1.8,,59,,33,,15,,,,98.66,,,,,,NA
9/25/2016 19:00,2016,9,25,19:00, ,7.3,,2.1,,70,,31,,14,,,,98.73,,,,,,NA
9/25/2016 20:00,2016,9,25,20:00, ,5.2,,2,,80,,30,,9,,,,98.8,,,,,,NA
9/25/2016 21:00,2016,9,25,21:00, ,4.3,,2.4,,87,,29,,7,,,,98.85,,,,,,NA
9/25/2016 22:00,2016,9,25,22:00, ,3.2,,1.8,,91,,27,,8,,,,98.86,,,,,,NA
9/25/2016 23:00,2016,9,25,23:00, ,3.6,,2.4,,92,,29,,6,,,,98.87,,,,,,NA
9/26/2016 0:00,2016,9,26,0:00, ,2.6,,1.7,,94,,31,,7,,,,98.85,,,,,,NA
9/26/2016 1:00,2016,9,26,1:00, ,1.9,,1.2,,95,,29,,4,,,,98.88,,,,,,NA
9/26/2016 2:00,2016,9,26,2:00, ,2.6,,2,,96,,31,,10,,,,98.88,,,,,,NA
9/26/2016 3:00,2016,9,26,3:00, ,2.5,,1.9,,96,,32,,9,,,,98.89,,,,,,NA
9/26/2016 4:00,2016,9,26,4:00, ,1.3,,0.7,,96,,31,,5,,,,98.91,,,,,,NA
9/26/2016 5:00,2016,9,26,5:00, ,2.1,,1.7,,98,,30,,8,,,,98.96,,,,,,NA
9/26/2016 6:00,2016,9,26,6:00, ,1.9,,1.6,,98,,29,,6,,,,99,,,,,,NA
9/26/2016 7:00,2016,9,26,7:00, ,0.8,,0.5,,98,,24,,3,,,,99.02,,,,,,NA
9/26/2016 8:00,2016,9,26,8:00, ,3.9,,3.1,,95,,30,,6,,,,99.05,,,,,,NA
9/26/2016 9:00,2016,9,26,9:00, ,6.2,,3.9,,85,,28,,9,,,,99.07,,,,,,NA
9/26/2016 10:00,2016,9,26,10:00, ,8.7,,4.6,,75,,31,,9,,,,99.05,,,,,,NA
9/26/2016 11:00,2016,9,26,11:00, ,10.5,,3.5,,62,,30,,15,,,,99.01,,,,,,NA
9/26/2016 12:00,2016,9,26,12:00, ,11.2,,4,,61,,31,,21,,,,98.95,,,,,,NA
9/26/2016 13:00,2016,9,26,13:00, ,12.3,,4.5,,59,,29,,15,,,,98.84,,,,,,NA
9/26/2016 14:00,2016,9,26,14:00, ,13.3,,4.6,,56,,29,,17,,,,98.78,,,,,,NA
9/26/2016 15:00,2016,9,26,15:00, ,14,,5,,55,,28,,16,,,,98.73,,,,,,NA
9/26/2016 16:00,2016,9,26,16:00, ,14.3,,4.3,,51,,29,,16,,,,98.66,,,,,,NA
9/26/2016 17:00,2016,9,26,17:00, ,13.8,,4,,52,,27,,10,,,,98.6,,,,,,NA
9/26/2016 18:00,2016,9,26,18:00, ,11.9,,5.6,,65,,29,,4,,,,98.6,,,,,,NA
9/26/2016 19:00,2016,9,26,19:00, ,7.8,,5.6,,86,,22,,4,,,,98.59,,,,,,NA
9/26/2016 20:00,2016,9,26,20:00, ,5.8,,4.2,,89,,21,,3,,,,98.58,,,,,,NA
9/26/2016 21:00,2016,9,26,21:00, ,5.2,,4.1,,93,,19,,4,,,,98.53,,,,,,NA
9/26/2016 22:00,2016,9,26,22:00, ,4,,2.6,,90,,19,,6,,,,98.46,,,,,,NA
9/26/2016 23:00,2016,9,26,23:00, ,4.1,,3.2,,94,,17,,4,,,,98.42,,,,,,NA
9/27/2016 0:00,2016,9,27,0:00, ,2.5,,1.7,,94,,6,,2,,,,98.39,,,,,,NA
9/27/2016 1:00,2016,9,27,1:00, ,2.4,,1.8,,96,,14,,5,,,,98.34,,,,,,NA
9/27/2016 2:00,2016,9,27,2:00, ,1.7,,0.8,,94,,14,,7,,,,98.3,,,,,,NA
9/27/2016 3:00,2016,9,27,3:00, ,1.6,,1,,96,,14,,3,,,,98.28,,,,,,NA
9/27/2016 4:00,2016,9,27,4:00, ,1.5,,1.1,,97,,11,,3,,,,98.27,,,,,,NA
9/27/2016 5:00,2016,9,27,5:00, ,1.9,,1.3,,96,,,,0,,,,98.24,,,,,,NA
9/27/2016 6:00,2016,9,27,6:00, ,3,,2.6,,97,,,,0,,,,98.28,,,,,,NA
9/27/2016 7:00,2016,9,27,7:00, ,3.7,,3.4,,97,,9,,4,,,,98.3,,,,,,NA
9/27/2016 8:00,2016,9,27,8:00, ,4.9,,4.5,,97,,6,,3,,,,98.29,,,,,,NA
9/27/2016 9:00,2016,9,27,9:00, ,5.3,,4.9,,97,,21,,4,,,,98.42,,,,,,NA
9/27/2016 10:00,2016,9,27,10:00, ,6.1,,5.4,,95,,8,,2,,,,98.44,,,,,,NA
9/27/2016 11:00,2016,9,27,11:00, ,7.3,,6.4,,94,,2,,4,,,,98.44,,,,,,NA
9/27/2016 12:00,2016,9,27,12:00, ,8.5,,6.5,,87,,0,,1,,,,98.43,,,,,,NA
9/27/2016 13:00,2016,9,27,13:00, ,9.1,,6.8,,86,,10,,5,,,,98.46,,,,,,NA
9/27/2016 14:00,2016,9,27,14:00, ,9.4,,7.3,,87,,6,,9,,,,98.49,,,,,,NA
9/27/2016 15:00,2016,9,27,15:00, ,9.9,,7.8,,87,,5,,8,,,,98.54,,,,,,NA
9/27/2016 16:00,2016,9,27,16:00, ,10.4,,7.8,,84,,8,,8,,,,98.58,,,,,,NA
9/27/2016 17:00,2016,9,27,17:00, ,10.2,,7.9,,86,,7,,7,,,,98.66,,,,,,NA
9/27/2016 18:00,2016,9,27,18:00, ,9.2,,7.9,,91,,13,,9,,,,98.77,,,,,,NA
9/27/2016 19:00,2016,9,27,19:00, ,8.1,,6.9,,92,,11,,13,,,,98.89,,,,,,NA
9/27/2016 20:00,2016,9,27,20:00, ,7.2,,5.6,,89,,11,,15,,,,98.99,,,,,,NA
9/27/2016 21:00,2016,9,27,21:00, ,6.8,,4.3,,84,,8,,12,,,,99.08,,,,,,NA
9/27/2016 22:00,2016,9,27,22:00, ,5.6,,3.3,,85,,10,,6,,,,99.19,,,,,,NA
9/27/2016 23:00,2016,9,27,23:00, ,5,,4,,93,,7,,6,,,,99.24,,,,,,NA
9/28/2016 0:00,2016,9,28,0:00, ,5.3,,3.5,,88,,9,,6,,,,99.28,,,,,,NA
9/28/2016 1:00,2016,9,28,1:00, ,5.3,,3.4,,88,,3,,6,,,,99.41,,,,,,NA
9/28/2016 2:00,2016,9,28,2:00, ,5.1,,3.4,,89,,5,,6,,,,99.48,,,,,,NA
9/28/2016 3:00,2016,9,28,3:00, ,4.8,,3.5,,91,,3,,4,,,,99.49,,,,,,NA
9/28/2016 4:00,2016,9,28,4:00, ,4.4,,3.6,,95,,34,,6,,,,99.57,,,,,,NA
9/28/2016 5:00,2016,9,28,5:00, ,3.5,,2.8,,95,,4,,5,,,,99.6,,,,,,NA
9/28/2016 6:00,2016,9,28,6:00, ,2.7,,2,,96,,2,,8,,,,99.66,,,,,,NA
9/28/2016 7:00,2016,9,28,7:00, ,3.2,,2.7,,97,,35,,3,,,,99.81,,,,,,NA
9/28/2016 8:00,2016,9,28,8:00, ,4.8,,3.6,,92,,36,,5,,,,99.88,,,,,,NA
9/28/2016 9:00,2016,9,28,9:00, ,8.3,,4.9,,79,,7,,10,,,,99.96,,,,,,NA
9/28/2016 10:00,2016,9,28,10:00, ,9.9,,4.2,,68,,11,,14,,,,100.01,,,,,,NA
9/28/2016 11:00,2016,9,28,11:00, ,10.8,,4.4,,65,,8,,10,,,,100.01,,,,,,NA
9/28/2016 12:00,2016,9,28,12:00, ,12,,3.8,,57,,12,,13,,,,100.03,,,,,,NA
9/28/2016 13:00,2016,9,28,13:00, ,11.6,,3.9,,59,,10,,12,,,,100.03,,,,,,NA
9/28/2016 14:00,2016,9,28,14:00, ,11.3,,3.9,,60,,4,,9,,,,100.02,,,,,,NA
9/28/2016 15:00,2016,9,28,15:00, ,12.2,,3.6,,56,,33,,6,,,,100.03,,,,,,NA
9/28/2016 16:00,2016,9,28,16:00, ,11.8,,4.7,,62,,2,,8,,,,100.06,,,,,,NA
9/28/2016 17:00,2016,9,28,17:00, ,10.7,,3.9,,63,,6,,10,,,,100.11,,,,,,NA
9/28/2016 18:00,2016,9,28,18:00, ,9.3,,4,,70,,5,,8,,,,100.16,,,,,,NA
9/28/2016 19:00,2016,9,28,19:00, ,8.3,,4,,74,,3,,9,,,,100.21,,,,,,NA
9/28/2016 20:00,2016,9,28,20:00, ,7.1,,3.8,,79,,3,,8,,,,100.27,,,,,,NA
9/28/2016 21:00,2016,9,28,21:00, ,5.6,,3.6,,87,,2,,6,,,,100.32,,,,,,NA
9/28/2016 22:00,2016,9,28,22:00, ,5.8,,4,,88,,3,,5,,,,100.35,,,,,,NA
9/28/2016 23:00,2016,9,28,23:00, ,5.4,,4,,91,,2,,6,,,,100.39,,,,,,NA
9/29/2016 0:00,2016,9,29,0:00, ,4.8,,3.8,,93,,1,,6,,,,100.4,,,,,,NA
9/29/2016 1:00,2016,9,29,1:00, ,3.4,,2.6,,94,,33,,6,,,,100.41,,,,,,NA
9/29/2016 2:00,2016,9,29,2:00, ,2.5,,1.9,,96,,36,,8,,,,100.42,,,,,,NA
9/29/2016 3:00,2016,9,29,3:00, ,2,,1.6,,97,,1,,7,,,,100.42,,,,,,NA
9/29/2016 4:00,2016,9,29,4:00, ,1.8,,1.3,,97,,3,,8,,,,100.43,,,,,,NA
9/29/2016 5:00,2016,9,29,5:00, ,1.4,,1,,98,,2,,6,,,,100.42,,,,,,NA
9/29/2016 6:00,2016,9,29,6:00, ,0.2,,-0.1,,98,,1,,5,,,,100.47,,,,,,NA
9/29/2016 7:00,2016,9,29,7:00, ,0.1,,-0.1,,99,,35,,5,,,,100.57,,,,,,NA
9/29/2016 8:00,2016,9,29,8:00, ,1.7,,1.6,,99,,1,,7,,,,100.64,,,,,,NA
9/29/2016 9:00,2016,9,29,9:00, ,3.9,,3.7,,99,,1,,9,,,,100.63,,,,,,NA
9/29/2016 10:00,2016,9,29,10:00, ,7.8,,5.5,,85,,32,,7,,,,100.64,,,,,,NA
9/29/2016 11:00,2016,9,29,11:00, ,9.8,,3.6,,65,,1,,9,,,,100.68,,,,,,NA
9/29/2016 12:00,2016,9,29,12:00, ,11.8,,3.5,,57,,1,,13,,,,100.62,,,,,,NA
9/29/2016 13:00,2016,9,29,13:00, ,12.4,,2.9,,52,,2,,10,,,,100.54,,,,,,NA
9/29/2016 14:00,2016,9,29,14:00, ,13.3,,3.1,,50,,34,,7,,,,100.53,,,,,,NA
9/29/2016 15:00,2016,9,29,15:00, ,14.6,,3,,45,,3,,6,,,,100.47,,,,,,NA
9/29/2016 16:00,2016,9,29,16:00, ,14.6,,1.7,,41,,1,,11,,,,100.42,,,,,,NA
9/29/2016 17:00,2016,9,29,17:00, ,13.8,,2.8,,47,,2,,5,,,,100.43,,,,,,NA
9/29/2016 18:00,2016,9,29,18:00, ,10.9,,4.2,,63,,1,,2,,,,100.46,,,,,,NA
9/29/2016 19:00,2016,9,29,19:00, ,6.5,,4.2,,85,,25,,3,,,,100.51,,,,,,NA
9/29/2016 20:00,2016,9,29,20:00, ,5,,3.7,,91,,35,,4,,,,100.52,,,,,,NA
9/29/2016 21:00,2016,9,29,21:00, ,4.5,,3.1,,91,,32,,5,,,,100.54,,,,,,NA
9/29/2016 22:00,2016,9,29,22:00, ,3.1,,2.2,,94,,36,,4,,,,100.55,,,,,,NA
9/29/2016 23:00,2016,9,29,23:00, ,2.4,,1.7,,95,,34,,7,,,,100.54,,,,,,NA
9/30/2016 0:00,2016,9,30,0:00, ,2.2,,1.7,,96,,33,,5,,,,100.51,,,,,,NA
9/30/2016 1:00,2016,9,30,1:00, ,0.9,,0.4,,96,,31,,1,,,,100.5,,,,,,NA
9/30/2016 2:00,2016,9,30,2:00, ,0.1,,-0.3,,97,,32,,3,,,,100.48,,,,,,NA
9/30/2016 3:00,2016,9,30,3:00, ,-0.4,,-0.7,,98,,3,,3,,,,100.48,,,,-1,,NA
9/30/2016 4:00,2016,9,30,4:00, ,-0.7,,-1,,98,,2,,3,,,,100.45,,,,-2,,NA
9/30/2016 5:00,2016,9,30,5:00, ,-1,,-1.3,,98,,28,,5,,,,100.49,,,,-3,,NA
9/30/2016 6:00,2016,9,30,6:00, ,-1.5,,-1.6,,100,,,,0,,,,100.51,,,,,,NA
9/30/2016 7:00,2016,9,30,7:00, ,-1.9,,-2,,100,,36,,4,,,,100.51,,,,-3,,NA
9/30/2016 8:00,2016,9,30,8:00, ,0.2,,-0.2,,97,,27,,2,,,,100.53,,,,,,NA
9/30/2016 9:00,2016,9,30,9:00, ,3.6,,1.2,,85,,24,,6,,,,100.55,,,,,,NA
9/30/2016 10:00,2016,9,30,10:00, ,7.8,,3.9,,77,,22,,3,,,,100.53,,,,,,NA
9/30/2016 11:00,2016,9,30,11:00, ,11.7,,5.1,,64,,25,,4,,,,100.48,,,,,,NA
9/30/2016 12:00,2016,9,30,12:00, ,13.9,,5.7,,58,,24,,7,,,,100.46,,,,,,NA
9/30/2016 13:00,2016,9,30,13:00, ,15.8,,3.4,,43,,23,,5,,,,100.38,,,,,,NA
9/30/2016 14:00,2016,9,30,14:00, ,16.2,,2,,38,,28,,7,,,,100.29,,,,,,NA
9/30/2016 15:00,2016,9,30,15:00, ,17.1,,1,,34,,29,,4,,,,100.24,,,,,,NA
9/30/2016 16:00,2016,9,30,16:00, ,17.2,,0,,31,,26,,8,,,,100.19,,,,,,NA
9/30/2016 17:00,2016,9,30,17:00, ,17.1,,2.1,,36,,24,,7,,,,100.17,,,,,,NA
9/30/2016 18:00,2016,9,30,18:00, ,11,,5.5,,69,,22,,2,,,,100.18,,,,,,NA
9/30/2016 19:00,2016,9,30,19:00, ,8,,5.7,,85,,30,,1,,,,100.17,,,,,,NA
9/30/2016 20:00,2016,9,30,20:00, ,6.6,,4.8,,88,,0,,1,,,,100.18,,,,,,NA
9/30/2016 21:00,2016,9,30,21:00, ,5.8,,4.4,,91,,0,,1,,,,100.16,,,,,,NA
9/30/2016 22:00,2016,9,30,22:00, ,5.6,,4.4,,92,,15,,2,,,,100.16,,,,,,NA
9/30/2016 23:00,2016,9,30,23:00, ,4.9,,3.7,,92,,31,,2,,,,100.15,,,,,,NA
